                  epoch,         train/box_loss,         train/cls_loss,         train/dfl_loss,   metrics/precision(B),      metrics/recall(B),       metrics/mAP50(B),    metrics/mAP50-95(B),           val/box_loss,           val/cls_loss,           val/dfl_loss,                 lr/pg0,                 lr/pg1,                 lr/pg2
                      1,                 1.2316,                 2.9331,                  1.588,                0.00396,                0.93304,                0.30645,                0.14179,                 1.2731,                  3.335,                 1.9311,             0.00020004,             0.00020004,             0.00020004
                      2,                 1.2198,                   2.37,                 1.5733,                0.00398,                0.93304,                0.26619,                0.13387,                 1.3473,                 3.1552,                 2.0162,             0.00033423,             0.00033423,             0.00033423
                      3,                 1.2158,                 2.1257,                 1.6055,                0.47402,                0.29219,                0.35272,                0.18175,                 1.3386,                  2.796,                  2.068,             0.00038261,             0.00038261,             0.00038261
                      4,                 1.2372,                  2.064,                 1.5913,                0.36672,                0.16518,                0.31414,                0.14858,                 1.4804,                 2.7563,                 2.1358,             0.00034517,             0.00034517,             0.00034517
                      5,                 1.1231,                 1.8466,                  1.495,                0.39596,                0.48389,                0.43361,                0.22835,                 1.4039,                 2.5091,                 2.1046,             0.00022191,             0.00022191,             0.00022191
